{
  "name": "overline/onsurface050/orange/right/medium",
  "font": "Roboto-Medium",
  "size": 12,
  "color": {
    "red": 0.796078431372549,
    "green": 0.3098039215686275,
    "blue": 0.01568627450980392,
    "alpha": 0.7019607843137254
  },
  "alignment": 1,
  "spacing": 0.7,
  "lineHeight": 16,
  "paragraphSpacing": 0,
  "textTransform": 1,
  "strikethrough": 0,
  "underline": 0
}
